Workbook

Sheet Inputs
A1: AI code review TCO: inputs
A2: Blue = an input you can change. Yellow = a key assumption: replace it with your own number. Black = a formula. Every default is explained in column F and on the Notes sheet.
A4: Your organization
A5: Developers | B5: 200 | F5: People who open pull requests.
A6: Pull requests per developer per week | B6: 3 | F6: Check your Git host's insights page.
A7: Working weeks per year | B7: 48
A8: Working hours per week | B8: 40 | F8: Used to turn yearly volume into an hourly rate.
A9: Peak-hour factor | B9: 3 | F9: Busiest hour as a multiple of the average hour. Sizes the servers.
A10: Engineer loaded cost per hour ($) | B10: 95 | F10: Whoever runs and maintains the bot. Salary plus benefits and overhead.
A11: Developer loaded cost per hour ($) | B11: 85 | F11: Whoever reads and triages the findings.
A12: Minutes to triage one finding | B12: 5 | F12: Read it, check it, fix it or dismiss it.
A13: Electricity ($ per kWh) | B13: 0.15 | F13: Use your facility rate.
A14: CI price per runner minute ($) | B14: 0.016 | F14: Illustrative price for a 4-core, 16 GB hosted runner on a private repository. Check your provider's current pricing.
A15: Hardware life (years) | B15: 3 | F15: Hardware cost is spread over this many years.
A16: Analysis horizon (years) | B16: 3 | F16: How many years the TCO covers.
A18: Per option
A19: Item | B19: CI runner, 9B model | C19: Team server, 20B model | D19: GPU server, 120B-class | E19: Commercial SaaS | F19: Where the default comes from
A20: Model | B20: qwen3.5:9b | C20: gpt-oss:20b | D20: gpt-oss-120b | E20: Vendor model | F20: The workshop default, the Module 2 model, the scale-up reference, and a hosted product.
A21: Hardware cost per server ($) | B21: 0 | C21: 4000 | D21: 45000 | E21: 0 | F21: Illustrative. A desktop with 32 GB or more of GPU or unified memory for 20B; a server with one 80 GB GPU for 120B-class. Replace with a quote.
A22: Spare servers for availability | B22: 0 | C22: 0 | D22: 0 | E22: 0 | F22: Add 1 if a dead server must not stop reviews.
A23: Power draw per server (watts) | B23: 0 | C23: 300 | D23: 1000 | E23: 0 | F23: Average draw under review load.
A24: Review time per pull request (seconds) | B24: 600 | C24: 30 | D24: 20 | E24: 0 | F24: CI runner: measured 8 to 12 minutes per job on a free 16 GB GitHub runner (October 2026), CPU only. Servers: estimates for a typical small pull request; time your own with --file.
A25: Concurrent reviews per server | B25: 1 | C25: 2 | D25: 4 | E25: 0 | F25: How many reviews one server runs at once without slowing down.
A26: CI minutes per pull request | B26: 10 | C26: 1 | D26: 1 | E26: 0 | F26: CI runner: the review runs on the runner. Servers: a 1-minute job that calls the server. SaaS: none.
A27: Seat price per developer per month ($) | B27: 0 | C27: 0 | D27: 0 | E27: 40 | F27: Illustrative list price for a commercial AI review product. Replace with your quote.
A28: Setup hours (one time) | B28: 24 | C28: 40 | D28: 80 | E28: 16 | F28: Workflow, prompts, rules, and for servers, the build. The workshop repository is the starting point for options 1 to 3.
A29: Security and compliance review hours (one time) | B29: 8 | C29: 16 | D29: 24 | E29: 60 | F29: SaaS sends source code off site: vendor review, data agreement, data residency. For some teams this is a blocker, not a cost.
A30: Maintenance hours per month | B30: 4 | C30: 6 | D30: 10 | E30: 2 | F30: Model updates, prompt and rule changes, false-positive tuning, the Module 6 checklist.
A31: Findings per pull request | B31: 0.8 | C31: 0.8 | D31: 0.8 | E31: 0.8 | F31: Placeholder, the same for all. Measure it in a pilot: eval-harness/score_planted.py shows found versus unmatched.
A32: Share of findings that are false positives | B32: 0.3 | C32: 0.25 | D32: 0.2 | E32: 0.3 | F32: Placeholder. Larger models were more precise in our Module 2 bake-off. Measure it in a pilot.

Sheet TCO
A1: AI code review TCO: results
A2: Every number here is a formula on the Inputs sheet. Green = pulled from Inputs.
A4: Pull requests per year | B4: =Inputs!B5*Inputs!B6*Inputs!B7 -> 28800
A5: Peak pull requests per hour | B5: =B4/(Inputs!B7*Inputs!B8)*Inputs!B9 -> 45
A7: Item | B7: =Inputs!B19 -> CI runner, 9B model | C7: =Inputs!C19 -> Team server, 20B model | D7: =Inputs!D19 -> GPU server, 120B-class | E7: =Inputs!E19 -> Commercial SaaS
A8: Capacity per server (pull requests per hour, servers only) | B8: =IF(Inputs!B24*Inputs!B25=0,0,3600/Inputs!B24*Inputs!B25) -> 6 | C8: =IF(Inputs!C24*Inputs!C25=0,0,3600/Inputs!C24*Inputs!C25) -> 240 | D8: =IF(Inputs!D24*Inputs!D25=0,0,3600/Inputs!D24*Inputs!D25) -> 720 | E8: =IF(Inputs!E24*Inputs!E25=0,0,3600/Inputs!E24*Inputs!E25) -> 0
A9: Servers needed | B9: =IF(OR(Inputs!B21=0,B8=0),0,MAX(1,ROUNDUP($B$5/B8,0))+Inputs!B22) -> 0 | C9: =IF(OR(Inputs!C21=0,C8=0),0,MAX(1,ROUNDUP($B$5/C8,0))+Inputs!C22) -> 1 | D9: =IF(OR(Inputs!D21=0,D8=0),0,MAX(1,ROUNDUP($B$5/D8,0))+Inputs!D22) -> 1 | E9: =IF(OR(Inputs!E21=0,E8=0),0,MAX(1,ROUNDUP($B$5/E8,0))+Inputs!E22) -> 0
A10: Annual costs
A11: Hardware, spread over its life | B11: =B9*Inputs!B21/Inputs!$B$15 -> 0 | C11: =C9*Inputs!C21/Inputs!$B$15 -> 1333.3333 | D11: =D9*Inputs!D21/Inputs!$B$15 -> 15000 | E11: =E9*Inputs!E21/Inputs!$B$15 -> 0
A12: Power | B12: =B9*Inputs!B23/1000*8760*Inputs!$B$13 -> 0 | C12: =C9*Inputs!C23/1000*8760*Inputs!$B$13 -> 394.2 | D12: =D9*Inputs!D23/1000*8760*Inputs!$B$13 -> 1314 | E12: =E9*Inputs!E23/1000*8760*Inputs!$B$13 -> 0
A13: CI compute | B13: =$B$4*Inputs!B26*Inputs!$B$14 -> 4608 | C13: =$B$4*Inputs!C26*Inputs!$B$14 -> 460.8 | D13: =$B$4*Inputs!D26*Inputs!$B$14 -> 460.8 | E13: =$B$4*Inputs!E26*Inputs!$B$14 -> 0
A14: Seats | B14: =Inputs!$B$5*Inputs!B27*12 -> 0 | C14: =Inputs!$B$5*Inputs!C27*12 -> 0 | D14: =Inputs!$B$5*Inputs!D27*12 -> 0 | E14: =Inputs!$B$5*Inputs!E27*12 -> 96000
A15: Maintenance staff time | B15: =Inputs!B30*12*Inputs!$B$10 -> 4560 | C15: =Inputs!C30*12*Inputs!$B$10 -> 6840 | D15: =Inputs!D30*12*Inputs!$B$10 -> 11400 | E15: =Inputs!E30*12*Inputs!$B$10 -> 2280
A16: Annual tool cost | B16: =SUM(B11:B15) -> 9168 | C16: =SUM(C11:C15) -> 9028.3333 | D16: =SUM(D11:D15) -> 28174.8 | E16: =SUM(E11:E15) -> 98280
A17: One-time setup and review | B17: =(Inputs!B28+Inputs!B29)*Inputs!$B$10 -> 3040 | C17: =(Inputs!C28+Inputs!C29)*Inputs!$B$10 -> 5320 | D17: =(Inputs!D28+Inputs!D29)*Inputs!$B$10 -> 9880 | E17: =(Inputs!E28+Inputs!E29)*Inputs!$B$10 -> 7220
A18: Developer time triaging findings, per year | B18: =$B$4*Inputs!B31*Inputs!$B$12/60*Inputs!$B$11 -> 163200 | C18: =$B$4*Inputs!C31*Inputs!$B$12/60*Inputs!$B$11 -> 163200 | D18: =$B$4*Inputs!D31*Inputs!$B$12/60*Inputs!$B$11 -> 163200 | E18: =$B$4*Inputs!E31*Inputs!$B$12/60*Inputs!$B$11 -> 163200
A19: of which, time spent on false positives | B19: =B18*Inputs!B32 -> 48960 | C19: =C18*Inputs!C32 -> 40800 | D19: =D18*Inputs!D32 -> 32640 | E19: =E18*Inputs!E32 -> 48960
A20: Over the analysis horizon
A21: Tool TCO | B21: =B17+B16*Inputs!$B$16 -> 30544 | C21: =C17+C16*Inputs!$B$16 -> 32405 | D21: =D17+D16*Inputs!$B$16 -> 94404.4 | E21: =E17+E16*Inputs!$B$16 -> 302060
A22: TCO including developer triage time | B22: =B21+B18*Inputs!$B$16 -> 520144 | C22: =C21+C18*Inputs!$B$16 -> 522005 | D22: =D21+D18*Inputs!$B$16 -> 584004.4 | E22: =E21+E18*Inputs!$B$16 -> 791660
A23: Tool cost per pull request | B23: =IF($B$4=0,0,B21/($B$4*Inputs!$B$16)) -> 0.35351852 | C23: =IF($B$4=0,0,C21/($B$4*Inputs!$B$16)) -> 0.37505787 | D23: =IF($B$4=0,0,D21/($B$4*Inputs!$B$16)) -> 1.0926435 | E23: =IF($B$4=0,0,E21/($B$4*Inputs!$B$16)) -> 3.4960648
A24: Tool cost per developer per month | B24: =IF(Inputs!$B$5=0,0,B21/(Inputs!$B$5*12*Inputs!$B$16)) -> 4.2422222 | C24: =IF(Inputs!$B$5=0,0,C21/(Inputs!$B$5*12*Inputs!$B$16)) -> 4.5006944 | D24: =IF(Inputs!$B$5=0,0,D21/(Inputs!$B$5*12*Inputs!$B$16)) -> 13.111722 | E24: =IF(Inputs!$B$5=0,0,E21/(Inputs!$B$5*12*Inputs!$B$16)) -> 41.952778
A25: Lowest tool TCO | B25: =IF(B21=MIN($B$21:$E$21),"lowest","") -> lowest | C25: =IF(C21=MIN($B$21:$E$21),"lowest","") | D25: =IF(D21=MIN($B$21:$E$21),"lowest","") | E25: =IF(E21=MIN($B$21:$E$21),"lowest","")
A27: Read row 19 against row 16. Developer time spent on false positives usually costs more than the tool. Precision is a cost line, not just a quality score.

Sheet Sensitivity
A1: Tool TCO by team size
A2: Same formulas as the TCO sheet, recomputed for each team size in column A (blue: change them). Servers are re-sized for each row.
A4: Developers | B4: =Inputs!B19 -> CI runner, 9B model | C4: =Inputs!C19 -> Team server, 20B model | D4: =Inputs!D19 -> GPU server, 120B-class | E4: =Inputs!E19 -> Commercial SaaS | F4: Lowest | G4: Cost per pull request, lowest
A5: 10 | B5: =(Inputs!B28+Inputs!B29)*Inputs!$B$10+(IF(OR(Inputs!B21=0,TCO!B8=0),0,MAX(1,ROUNDUP((($A5*Inputs!$B$6*Inputs!$B$7)/(Inputs!$B$7*Inputs!$B$8)*Inputs!$B$9)/TCO!B8,0))+Inputs!B22)*Inputs!B21/Inputs!$B$15+IF(OR(Inputs!B21=0,TCO!B8=0),0,MAX(1,ROUNDUP((($A5*Inputs!$B$6*Inputs!$B$7)/(Inputs!$B$7*Inputs!$B$8)*Inputs!$B$9)/TCO!B8,0))+Inputs!B22)*Inputs!B23/1000*8760*Inputs!$B$13+($A5*Inputs!$B$6*Inputs!$B$7)*Inputs!B26*Inputs!$B$14+$A5*Inputs!B27*12+Inputs!B30*12*Inputs!$B$10)*Inputs!$B$16 -> 17411.2 | C5: =(Inputs!C28+Inputs!C29)*Inputs!$B$10+(IF(OR(Inputs!C21=0,TCO!C8=0),0,MAX(1,ROUNDUP((($A5*Inputs!$B$6*Inputs!$B$7)/(Inputs!$B$7*Inputs!$B$8)*Inputs!$B$9)/TCO!C8,0))+Inputs!C22)*Inputs!C21/Inputs!$B$15+IF(OR(Inputs!C21=0,TCO!C8=0),0,MAX(1,ROUNDUP((($A5*Inputs!$B$6*Inputs!$B$7)/(Inputs!$B$7*Inputs!$B$8)*Inputs!$B$9)/TCO!C8,0))+Inputs!C22)*Inputs!C23/1000*8760*Inputs!$B$13+($A5*Inputs!$B$6*Inputs!$B$7)*Inputs!C26*Inputs!$B$14+$A5*Inputs!C27*12+Inputs!C30*12*Inputs!$B$10)*Inputs!$B$16 -> 31091.72 | D5: =(Inputs!D28+Inputs!D29)*Inputs!$B$10+(IF(OR(Inputs!D21=0,TCO!D8=0),0,MAX(1,ROUNDUP((($A5*Inputs!$B$6*Inputs!$B$7)/(Inputs!$B$7*Inputs!$B$8)*Inputs!$B$9)/TCO!D8,0))+Inputs!D22)*Inputs!D21/Inputs!$B$15+IF(OR(Inputs!D21=0,TCO!D8=0),0,MAX(1,ROUNDUP((($A5*Inputs!$B$6*Inputs!$B$7)/(Inputs!$B$7*Inputs!$B$8)*Inputs!$B$9)/TCO!D8,0))+Inputs!D22)*Inputs!D23/1000*8760*Inputs!$B$13+($A5*Inputs!$B$6*Inputs!$B$7)*Inputs!D26*Inputs!$B$14+$A5*Inputs!D27*12+Inputs!D30*12*Inputs!$B$10)*Inputs!$B$16 -> 93091.12 | E5: =(Inputs!E28+Inputs!E29)*Inputs!$B$10+(IF(OR(Inputs!E21=0,TCO!E8=0),0,MAX(1,ROUNDUP((($A5*Inputs!$B$6*Inputs!$B$7)/(Inputs!$B$7*Inputs!$B$8)*Inputs!$B$9)/TCO!E8,0))+Inputs!E22)*Inputs!E21/Inputs!$B$15+IF(OR(Inputs!E21=0,TCO!E8=0),0,MAX(1,ROUNDUP((($A5*Inputs!$B$6*Inputs!$B$7)/(Inputs!$B$7*Inputs!$B$8)*Inputs!$B$9)/TCO!E8,0))+Inputs!E22)*Inputs!E23/1000*8760*Inputs!$B$13+($A5*Inputs!$B$6*Inputs!$B$7)*Inputs!E26*Inputs!$B$14+$A5*Inputs!E27*12+Inputs!E30*12*Inputs!$B$10)*Inputs!$B$16 -> 28460 | F5: =INDEX($B$4:$E$4,MATCH(MIN(B5:E5),B5:E5,0)) -> CI runner, 9B model | G5: =IF(($A5*Inputs!$B$6*Inputs!$B$7)=0,0,MIN(B5:E5)/(($A5*Inputs!$B$6*Inputs!$B$7)*Inputs!$B$16)) -> 4.0303704
A6: 25 | B6: =(Inputs!B28+Inputs!B29)*Inputs!$B$10+(IF(OR(Inputs!B21=0,TCO!B8=0),0,MAX(1,ROUNDUP((($A6*Inputs!$B$6*Inputs!$B$7)/(Inputs!$B$7*Inputs!$B$8)*Inputs!$B$9)/TCO!B8,0))+Inputs!B22)*Inputs!B21/Inputs!$B$15+IF(OR(Inputs!B21=0,TCO!B8=0),0,MAX(1,ROUNDUP((($A6*Inputs!$B$6*Inputs!$B$7)/(Inputs!$B$7*Inputs!$B$8)*Inputs!$B$9)/TCO!B8,0))+Inputs!B22)*Inputs!B23/1000*8760*Inputs!$B$13+($A6*Inputs!$B$6*Inputs!$B$7)*Inputs!B26*Inputs!$B$14+$A6*Inputs!B27*12+Inputs!B30*12*Inputs!$B$10)*Inputs!$B$16 -> 18448 | C6: =(Inputs!C28+Inputs!C29)*Inputs!$B$10+(IF(OR(Inputs!C21=0,TCO!C8=0),0,MAX(1,ROUNDUP((($A6*Inputs!$B$6*Inputs!$B$7)/(Inputs!$B$7*Inputs!$B$8)*Inputs!$B$9)/TCO!C8,0))+Inputs!C22)*Inputs!C21/Inputs!$B$15+IF(OR(Inputs!C21=0,TCO!C8=0),0,MAX(1,ROUNDUP((($A6*Inputs!$B$6*Inputs!$B$7)/(Inputs!$B$7*Inputs!$B$8)*Inputs!$B$9)/TCO!C8,0))+Inputs!C22)*Inputs!C23/1000*8760*Inputs!$B$13+($A6*Inputs!$B$6*Inputs!$B$7)*Inputs!C26*Inputs!$B$14+$A6*Inputs!C27*12+Inputs!C30*12*Inputs!$B$10)*Inputs!$B$16 -> 31195.4 | D6: =(Inputs!D28+Inputs!D29)*Inputs!$B$10+(IF(OR(Inputs!D21=0,TCO!D8=0),0,MAX(1,ROUNDUP((($A6*Inputs!$B$6*Inputs!$B$7)/(Inputs!$B$7*Inputs!$B$8)*Inputs!$B$9)/TCO!D8,0))+Inputs!D22)*Inputs!D21/Inputs!$B$15+IF(OR(Inputs!D21=0,TCO!D8=0),0,MAX(1,ROUNDUP((($A6*Inputs!$B$6*Inputs!$B$7)/(Inputs!$B$7*Inputs!$B$8)*Inputs!$B$9)/TCO!D8,0))+Inputs!D22)*Inputs!D23/1000*8760*Inputs!$B$13+($A6*Inputs!$B$6*Inputs!$B$7)*Inputs!D26*Inputs!$B$14+$A6*Inputs!D27*12+Inputs!D30*12*Inputs!$B$10)*Inputs!$B$16 -> 93194.8 | E6: =(Inputs!E28+Inputs!E29)*Inputs!$B$10+(IF(OR(Inputs!E21=0,TCO!E8=0),0,MAX(1,ROUNDUP((($A6*Inputs!$B$6*Inputs!$B$7)/(Inputs!$B$7*Inputs!$B$8)*Inputs!$B$9)/TCO!E8,0))+Inputs!E22)*Inputs!E21/Inputs!$B$15+IF(OR(Inputs!E21=0,TCO!E8=0),0,MAX(1,ROUNDUP((($A6*Inputs!$B$6*Inputs!$B$7)/(Inputs!$B$7*Inputs!$B$8)*Inputs!$B$9)/TCO!E8,0))+Inputs!E22)*Inputs!E23/1000*8760*Inputs!$B$13+($A6*Inputs!$B$6*Inputs!$B$7)*Inputs!E26*Inputs!$B$14+$A6*Inputs!E27*12+Inputs!E30*12*Inputs!$B$10)*Inputs!$B$16 -> 50060 | F6: =INDEX($B$4:$E$4,MATCH(MIN(B6:E6),B6:E6,0)) -> CI runner, 9B model | G6: =IF(($A6*Inputs!$B$6*Inputs!$B$7)=0,0,MIN(B6:E6)/(($A6*Inputs!$B$6*Inputs!$B$7)*Inputs!$B$16)) -> 1.7081481
A7: 50 | B7: =(Inputs!B28+Inputs!B29)*Inputs!$B$10+(IF(OR(Inputs!B21=0,TCO!B8=0),0,MAX(1,ROUNDUP((($A7*Inputs!$B$6*Inputs!$B$7)/(Inputs!$B$7*Inputs!$B$8)*Inputs!$B$9)/TCO!B8,0))+Inputs!B22)*Inputs!B21/Inputs!$B$15+IF(OR(Inputs!B21=0,TCO!B8=0),0,MAX(1,ROUNDUP((($A7*Inputs!$B$6*Inputs!$B$7)/(Inputs!$B$7*Inputs!$B$8)*Inputs!$B$9)/TCO!B8,0))+Inputs!B22)*Inputs!B23/1000*8760*Inputs!$B$13+($A7*Inputs!$B$6*Inputs!$B$7)*Inputs!B26*Inputs!$B$14+$A7*Inputs!B27*12+Inputs!B30*12*Inputs!$B$10)*Inputs!$B$16 -> 20176 | C7: =(Inputs!C28+Inputs!C29)*Inputs!$B$10+(IF(OR(Inputs!C21=0,TCO!C8=0),0,MAX(1,ROUNDUP((($A7*Inputs!$B$6*Inputs!$B$7)/(Inputs!$B$7*Inputs!$B$8)*Inputs!$B$9)/TCO!C8,0))+Inputs!C22)*Inputs!C21/Inputs!$B$15+IF(OR(Inputs!C21=0,TCO!C8=0),0,MAX(1,ROUNDUP((($A7*Inputs!$B$6*Inputs!$B$7)/(Inputs!$B$7*Inputs!$B$8)*Inputs!$B$9)/TCO!C8,0))+Inputs!C22)*Inputs!C23/1000*8760*Inputs!$B$13+($A7*Inputs!$B$6*Inputs!$B$7)*Inputs!C26*Inputs!$B$14+$A7*Inputs!C27*12+Inputs!C30*12*Inputs!$B$10)*Inputs!$B$16 -> 31368.2 | D7: =(Inputs!D28+Inputs!D29)*Inputs!$B$10+(IF(OR(Inputs!D21=0,TCO!D8=0),0,MAX(1,ROUNDUP((($A7*Inputs!$B$6*Inputs!$B$7)/(Inputs!$B$7*Inputs!$B$8)*Inputs!$B$9)/TCO!D8,0))+Inputs!D22)*Inputs!D21/Inputs!$B$15+IF(OR(Inputs!D21=0,TCO!D8=0),0,MAX(1,ROUNDUP((($A7*Inputs!$B$6*Inputs!$B$7)/(Inputs!$B$7*Inputs!$B$8)*Inputs!$B$9)/TCO!D8,0))+Inputs!D22)*Inputs!D23/1000*8760*Inputs!$B$13+($A7*Inputs!$B$6*Inputs!$B$7)*Inputs!D26*Inputs!$B$14+$A7*Inputs!D27*12+Inputs!D30*12*Inputs!$B$10)*Inputs!$B$16 -> 93367.6 | E7: =(Inputs!E28+Inputs!E29)*Inputs!$B$10+(IF(OR(Inputs!E21=0,TCO!E8=0),0,MAX(1,ROUNDUP((($A7*Inputs!$B$6*Inputs!$B$7)/(Inputs!$B$7*Inputs!$B$8)*Inputs!$B$9)/TCO!E8,0))+Inputs!E22)*Inputs!E21/Inputs!$B$15+IF(OR(Inputs!E21=0,TCO!E8=0),0,MAX(1,ROUNDUP((($A7*Inputs!$B$6*Inputs!$B$7)/(Inputs!$B$7*Inputs!$B$8)*Inputs!$B$9)/TCO!E8,0))+Inputs!E22)*Inputs!E23/1000*8760*Inputs!$B$13+($A7*Inputs!$B$6*Inputs!$B$7)*Inputs!E26*Inputs!$B$14+$A7*Inputs!E27*12+Inputs!E30*12*Inputs!$B$10)*Inputs!$B$16 -> 86060 | F7: =INDEX($B$4:$E$4,MATCH(MIN(B7:E7),B7:E7,0)) -> CI runner, 9B model | G7: =IF(($A7*Inputs!$B$6*Inputs!$B$7)=0,0,MIN(B7:E7)/(($A7*Inputs!$B$6*Inputs!$B$7)*Inputs!$B$16)) -> 0.93407407
A8: 100 | B8: =(Inputs!B28+Inputs!B29)*Inputs!$B$10+(IF(OR(Inputs!B21=0,TCO!B8=0),0,MAX(1,ROUNDUP((($A8*Inputs!$B$6*Inputs!$B$7)/(Inputs!$B$7*Inputs!$B$8)*Inputs!$B$9)/TCO!B8,0))+Inputs!B22)*Inputs!B21/Inputs!$B$15+IF(OR(Inputs!B21=0,TCO!B8=0),0,MAX(1,ROUNDUP((($A8*Inputs!$B$6*Inputs!$B$7)/(Inputs!$B$7*Inputs!$B$8)*Inputs!$B$9)/TCO!B8,0))+Inputs!B22)*Inputs!B23/1000*8760*Inputs!$B$13+($A8*Inputs!$B$6*Inputs!$B$7)*Inputs!B26*Inputs!$B$14+$A8*Inputs!B27*12+Inputs!B30*12*Inputs!$B$10)*Inputs!$B$16 -> 23632 | C8: =(Inputs!C28+Inputs!C29)*Inputs!$B$10+(IF(OR(Inputs!C21=0,TCO!C8=0),0,MAX(1,ROUNDUP((($A8*Inputs!$B$6*Inputs!$B$7)/(Inputs!$B$7*Inputs!$B$8)*Inputs!$B$9)/TCO!C8,0))+Inputs!C22)*Inputs!C21/Inputs!$B$15+IF(OR(Inputs!C21=0,TCO!C8=0),0,MAX(1,ROUNDUP((($A8*Inputs!$B$6*Inputs!$B$7)/(Inputs!$B$7*Inputs!$B$8)*Inputs!$B$9)/TCO!C8,0))+Inputs!C22)*Inputs!C23/1000*8760*Inputs!$B$13+($A8*Inputs!$B$6*Inputs!$B$7)*Inputs!C26*Inputs!$B$14+$A8*Inputs!C27*12+Inputs!C30*12*Inputs!$B$10)*Inputs!$B$16 -> 31713.8 | D8: =(Inputs!D28+Inputs!D29)*Inputs!$B$10+(IF(OR(Inputs!D21=0,TCO!D8=0),0,MAX(1,ROUNDUP((($A8*Inputs!$B$6*Inputs!$B$7)/(Inputs!$B$7*Inputs!$B$8)*Inputs!$B$9)/TCO!D8,0))+Inputs!D22)*Inputs!D21/Inputs!$B$15+IF(OR(Inputs!D21=0,TCO!D8=0),0,MAX(1,ROUNDUP((($A8*Inputs!$B$6*Inputs!$B$7)/(Inputs!$B$7*Inputs!$B$8)*Inputs!$B$9)/TCO!D8,0))+Inputs!D22)*Inputs!D23/1000*8760*Inputs!$B$13+($A8*Inputs!$B$6*Inputs!$B$7)*Inputs!D26*Inputs!$B$14+$A8*Inputs!D27*12+Inputs!D30*12*Inputs!$B$10)*Inputs!$B$16 -> 93713.2 | E8: =(Inputs!E28+Inputs!E29)*Inputs!$B$10+(IF(OR(Inputs!E21=0,TCO!E8=0),0,MAX(1,ROUNDUP((($A8*Inputs!$B$6*Inputs!$B$7)/(Inputs!$B$7*Inputs!$B$8)*Inputs!$B$9)/TCO!E8,0))+Inputs!E22)*Inputs!E21/Inputs!$B$15+IF(OR(Inputs!E21=0,TCO!E8=0),0,MAX(1,ROUNDUP((($A8*Inputs!$B$6*Inputs!$B$7)/(Inputs!$B$7*Inputs!$B$8)*Inputs!$B$9)/TCO!E8,0))+Inputs!E22)*Inputs!E23/1000*8760*Inputs!$B$13+($A8*Inputs!$B$6*Inputs!$B$7)*Inputs!E26*Inputs!$B$14+$A8*Inputs!E27*12+Inputs!E30*12*Inputs!$B$10)*Inputs!$B$16 -> 158060 | F8: =INDEX($B$4:$E$4,MATCH(MIN(B8:E8),B8:E8,0)) -> CI runner, 9B model | G8: =IF(($A8*Inputs!$B$6*Inputs!$B$7)=0,0,MIN(B8:E8)/(($A8*Inputs!$B$6*Inputs!$B$7)*Inputs!$B$16)) -> 0.54703704
A9: 200 | B9: =(Inputs!B28+Inputs!B29)*Inputs!$B$10+(IF(OR(Inputs!B21=0,TCO!B8=0),0,MAX(1,ROUNDUP((($A9*Inputs!$B$6*Inputs!$B$7)/(Inputs!$B$7*Inputs!$B$8)*Inputs!$B$9)/TCO!B8,0))+Inputs!B22)*Inputs!B21/Inputs!$B$15+IF(OR(Inputs!B21=0,TCO!B8=0),0,MAX(1,ROUNDUP((($A9*Inputs!$B$6*Inputs!$B$7)/(Inputs!$B$7*Inputs!$B$8)*Inputs!$B$9)/TCO!B8,0))+Inputs!B22)*Inputs!B23/1000*8760*Inputs!$B$13+($A9*Inputs!$B$6*Inputs!$B$7)*Inputs!B26*Inputs!$B$14+$A9*Inputs!B27*12+Inputs!B30*12*Inputs!$B$10)*Inputs!$B$16 -> 30544 | C9: =(Inputs!C28+Inputs!C29)*Inputs!$B$10+(IF(OR(Inputs!C21=0,TCO!C8=0),0,MAX(1,ROUNDUP((($A9*Inputs!$B$6*Inputs!$B$7)/(Inputs!$B$7*Inputs!$B$8)*Inputs!$B$9)/TCO!C8,0))+Inputs!C22)*Inputs!C21/Inputs!$B$15+IF(OR(Inputs!C21=0,TCO!C8=0),0,MAX(1,ROUNDUP((($A9*Inputs!$B$6*Inputs!$B$7)/(Inputs!$B$7*Inputs!$B$8)*Inputs!$B$9)/TCO!C8,0))+Inputs!C22)*Inputs!C23/1000*8760*Inputs!$B$13+($A9*Inputs!$B$6*Inputs!$B$7)*Inputs!C26*Inputs!$B$14+$A9*Inputs!C27*12+Inputs!C30*12*Inputs!$B$10)*Inputs!$B$16 -> 32405 | D9: =(Inputs!D28+Inputs!D29)*Inputs!$B$10+(IF(OR(Inputs!D21=0,TCO!D8=0),0,MAX(1,ROUNDUP((($A9*Inputs!$B$6*Inputs!$B$7)/(Inputs!$B$7*Inputs!$B$8)*Inputs!$B$9)/TCO!D8,0))+Inputs!D22)*Inputs!D21/Inputs!$B$15+IF(OR(Inputs!D21=0,TCO!D8=0),0,MAX(1,ROUNDUP((($A9*Inputs!$B$6*Inputs!$B$7)/(Inputs!$B$7*Inputs!$B$8)*Inputs!$B$9)/TCO!D8,0))+Inputs!D22)*Inputs!D23/1000*8760*Inputs!$B$13+($A9*Inputs!$B$6*Inputs!$B$7)*Inputs!D26*Inputs!$B$14+$A9*Inputs!D27*12+Inputs!D30*12*Inputs!$B$10)*Inputs!$B$16 -> 94404.4 | E9: =(Inputs!E28+Inputs!E29)*Inputs!$B$10+(IF(OR(Inputs!E21=0,TCO!E8=0),0,MAX(1,ROUNDUP((($A9*Inputs!$B$6*Inputs!$B$7)/(Inputs!$B$7*Inputs!$B$8)*Inputs!$B$9)/TCO!E8,0))+Inputs!E22)*Inputs!E21/Inputs!$B$15+IF(OR(Inputs!E21=0,TCO!E8=0),0,MAX(1,ROUNDUP((($A9*Inputs!$B$6*Inputs!$B$7)/(Inputs!$B$7*Inputs!$B$8)*Inputs!$B$9)/TCO!E8,0))+Inputs!E22)*Inputs!E23/1000*8760*Inputs!$B$13+($A9*Inputs!$B$6*Inputs!$B$7)*Inputs!E26*Inputs!$B$14+$A9*Inputs!E27*12+Inputs!E30*12*Inputs!$B$10)*Inputs!$B$16 -> 302060 | F9: =INDEX($B$4:$E$4,MATCH(MIN(B9:E9),B9:E9,0)) -> CI runner, 9B model | G9: =IF(($A9*Inputs!$B$6*Inputs!$B$7)=0,0,MIN(B9:E9)/(($A9*Inputs!$B$6*Inputs!$B$7)*Inputs!$B$16)) -> 0.35351852
A10: 500 | B10: =(Inputs!B28+Inputs!B29)*Inputs!$B$10+(IF(OR(Inputs!B21=0,TCO!B8=0),0,MAX(1,ROUNDUP((($A10*Inputs!$B$6*Inputs!$B$7)/(Inputs!$B$7*Inputs!$B$8)*Inputs!$B$9)/TCO!B8,0))+Inputs!B22)*Inputs!B21/Inputs!$B$15+IF(OR(Inputs!B21=0,TCO!B8=0),0,MAX(1,ROUNDUP((($A10*Inputs!$B$6*Inputs!$B$7)/(Inputs!$B$7*Inputs!$B$8)*Inputs!$B$9)/TCO!B8,0))+Inputs!B22)*Inputs!B23/1000*8760*Inputs!$B$13+($A10*Inputs!$B$6*Inputs!$B$7)*Inputs!B26*Inputs!$B$14+$A10*Inputs!B27*12+Inputs!B30*12*Inputs!$B$10)*Inputs!$B$16 -> 51280 | C10: =(Inputs!C28+Inputs!C29)*Inputs!$B$10+(IF(OR(Inputs!C21=0,TCO!C8=0),0,MAX(1,ROUNDUP((($A10*Inputs!$B$6*Inputs!$B$7)/(Inputs!$B$7*Inputs!$B$8)*Inputs!$B$9)/TCO!C8,0))+Inputs!C22)*Inputs!C21/Inputs!$B$15+IF(OR(Inputs!C21=0,TCO!C8=0),0,MAX(1,ROUNDUP((($A10*Inputs!$B$6*Inputs!$B$7)/(Inputs!$B$7*Inputs!$B$8)*Inputs!$B$9)/TCO!C8,0))+Inputs!C22)*Inputs!C23/1000*8760*Inputs!$B$13+($A10*Inputs!$B$6*Inputs!$B$7)*Inputs!C26*Inputs!$B$14+$A10*Inputs!C27*12+Inputs!C30*12*Inputs!$B$10)*Inputs!$B$16 -> 34478.6 | D10: =(Inputs!D28+Inputs!D29)*Inputs!$B$10+(IF(OR(Inputs!D21=0,TCO!D8=0),0,MAX(1,ROUNDUP((($A10*Inputs!$B$6*Inputs!$B$7)/(Inputs!$B$7*Inputs!$B$8)*Inputs!$B$9)/TCO!D8,0))+Inputs!D22)*Inputs!D21/Inputs!$B$15+IF(OR(Inputs!D21=0,TCO!D8=0),0,MAX(1,ROUNDUP((($A10*Inputs!$B$6*Inputs!$B$7)/(Inputs!$B$7*Inputs!$B$8)*Inputs!$B$9)/TCO!D8,0))+Inputs!D22)*Inputs!D23/1000*8760*Inputs!$B$13+($A10*Inputs!$B$6*Inputs!$B$7)*Inputs!D26*Inputs!$B$14+$A10*Inputs!D27*12+Inputs!D30*12*Inputs!$B$10)*Inputs!$B$16 -> 96478 | E10: =(Inputs!E28+Inputs!E29)*Inputs!$B$10+(IF(OR(Inputs!E21=0,TCO!E8=0),0,MAX(1,ROUNDUP((($A10*Inputs!$B$6*Inputs!$B$7)/(Inputs!$B$7*Inputs!$B$8)*Inputs!$B$9)/TCO!E8,0))+Inputs!E22)*Inputs!E21/Inputs!$B$15+IF(OR(Inputs!E21=0,TCO!E8=0),0,MAX(1,ROUNDUP((($A10*Inputs!$B$6*Inputs!$B$7)/(Inputs!$B$7*Inputs!$B$8)*Inputs!$B$9)/TCO!E8,0))+Inputs!E22)*Inputs!E23/1000*8760*Inputs!$B$13+($A10*Inputs!$B$6*Inputs!$B$7)*Inputs!E26*Inputs!$B$14+$A10*Inputs!E27*12+Inputs!E30*12*Inputs!$B$10)*Inputs!$B$16 -> 734060 | F10: =INDEX($B$4:$E$4,MATCH(MIN(B10:E10),B10:E10,0)) -> Team server, 20B model | G10: =IF(($A10*Inputs!$B$6*Inputs!$B$7)=0,0,MIN(B10:E10)/(($A10*Inputs!$B$6*Inputs!$B$7)*Inputs!$B$16)) -> 0.15962315
A11: 1000 | B11: =(Inputs!B28+Inputs!B29)*Inputs!$B$10+(IF(OR(Inputs!B21=0,TCO!B8=0),0,MAX(1,ROUNDUP((($A11*Inputs!$B$6*Inputs!$B$7)/(Inputs!$B$7*Inputs!$B$8)*Inputs!$B$9)/TCO!B8,0))+Inputs!B22)*Inputs!B21/Inputs!$B$15+IF(OR(Inputs!B21=0,TCO!B8=0),0,MAX(1,ROUNDUP((($A11*Inputs!$B$6*Inputs!$B$7)/(Inputs!$B$7*Inputs!$B$8)*Inputs!$B$9)/TCO!B8,0))+Inputs!B22)*Inputs!B23/1000*8760*Inputs!$B$13+($A11*Inputs!$B$6*Inputs!$B$7)*Inputs!B26*Inputs!$B$14+$A11*Inputs!B27*12+Inputs!B30*12*Inputs!$B$10)*Inputs!$B$16 -> 85840 | C11: =(Inputs!C28+Inputs!C29)*Inputs!$B$10+(IF(OR(Inputs!C21=0,TCO!C8=0),0,MAX(1,ROUNDUP((($A11*Inputs!$B$6*Inputs!$B$7)/(Inputs!$B$7*Inputs!$B$8)*Inputs!$B$9)/TCO!C8,0))+Inputs!C22)*Inputs!C21/Inputs!$B$15+IF(OR(Inputs!C21=0,TCO!C8=0),0,MAX(1,ROUNDUP((($A11*Inputs!$B$6*Inputs!$B$7)/(Inputs!$B$7*Inputs!$B$8)*Inputs!$B$9)/TCO!C8,0))+Inputs!C22)*Inputs!C23/1000*8760*Inputs!$B$13+($A11*Inputs!$B$6*Inputs!$B$7)*Inputs!C26*Inputs!$B$14+$A11*Inputs!C27*12+Inputs!C30*12*Inputs!$B$10)*Inputs!$B$16 -> 37934.6 | D11: =(Inputs!D28+Inputs!D29)*Inputs!$B$10+(IF(OR(Inputs!D21=0,TCO!D8=0),0,MAX(1,ROUNDUP((($A11*Inputs!$B$6*Inputs!$B$7)/(Inputs!$B$7*Inputs!$B$8)*Inputs!$B$9)/TCO!D8,0))+Inputs!D22)*Inputs!D21/Inputs!$B$15+IF(OR(Inputs!D21=0,TCO!D8=0),0,MAX(1,ROUNDUP((($A11*Inputs!$B$6*Inputs!$B$7)/(Inputs!$B$7*Inputs!$B$8)*Inputs!$B$9)/TCO!D8,0))+Inputs!D22)*Inputs!D23/1000*8760*Inputs!$B$13+($A11*Inputs!$B$6*Inputs!$B$7)*Inputs!D26*Inputs!$B$14+$A11*Inputs!D27*12+Inputs!D30*12*Inputs!$B$10)*Inputs!$B$16 -> 99934 | E11: =(Inputs!E28+Inputs!E29)*Inputs!$B$10+(IF(OR(Inputs!E21=0,TCO!E8=0),0,MAX(1,ROUNDUP((($A11*Inputs!$B$6*Inputs!$B$7)/(Inputs!$B$7*Inputs!$B$8)*Inputs!$B$9)/TCO!E8,0))+Inputs!E22)*Inputs!E21/Inputs!$B$15+IF(OR(Inputs!E21=0,TCO!E8=0),0,MAX(1,ROUNDUP((($A11*Inputs!$B$6*Inputs!$B$7)/(Inputs!$B$7*Inputs!$B$8)*Inputs!$B$9)/TCO!E8,0))+Inputs!E22)*Inputs!E23/1000*8760*Inputs!$B$13+($A11*Inputs!$B$6*Inputs!$B$7)*Inputs!E26*Inputs!$B$14+$A11*Inputs!E27*12+Inputs!E30*12*Inputs!$B$10)*Inputs!$B$16 -> 1454060 | F11: =INDEX($B$4:$E$4,MATCH(MIN(B11:E11),B11:E11,0)) -> Team server, 20B model | G11: =IF(($A11*Inputs!$B$6*Inputs!$B$7)=0,0,MIN(B11:E11)/(($A11*Inputs!$B$6*Inputs!$B$7)*Inputs!$B$16)) -> 0.087811574
A12: 2000 | B12: =(Inputs!B28+Inputs!B29)*Inputs!$B$10+(IF(OR(Inputs!B21=0,TCO!B8=0),0,MAX(1,ROUNDUP((($A12*Inputs!$B$6*Inputs!$B$7)/(Inputs!$B$7*Inputs!$B$8)*Inputs!$B$9)/TCO!B8,0))+Inputs!B22)*Inputs!B21/Inputs!$B$15+IF(OR(Inputs!B21=0,TCO!B8=0),0,MAX(1,ROUNDUP((($A12*Inputs!$B$6*Inputs!$B$7)/(Inputs!$B$7*Inputs!$B$8)*Inputs!$B$9)/TCO!B8,0))+Inputs!B22)*Inputs!B23/1000*8760*Inputs!$B$13+($A12*Inputs!$B$6*Inputs!$B$7)*Inputs!B26*Inputs!$B$14+$A12*Inputs!B27*12+Inputs!B30*12*Inputs!$B$10)*Inputs!$B$16 -> 154960 | C12: =(Inputs!C28+Inputs!C29)*Inputs!$B$10+(IF(OR(Inputs!C21=0,TCO!C8=0),0,MAX(1,ROUNDUP((($A12*Inputs!$B$6*Inputs!$B$7)/(Inputs!$B$7*Inputs!$B$8)*Inputs!$B$9)/TCO!C8,0))+Inputs!C22)*Inputs!C21/Inputs!$B$15+IF(OR(Inputs!C21=0,TCO!C8=0),0,MAX(1,ROUNDUP((($A12*Inputs!$B$6*Inputs!$B$7)/(Inputs!$B$7*Inputs!$B$8)*Inputs!$B$9)/TCO!C8,0))+Inputs!C22)*Inputs!C23/1000*8760*Inputs!$B$13+($A12*Inputs!$B$6*Inputs!$B$7)*Inputs!C26*Inputs!$B$14+$A12*Inputs!C27*12+Inputs!C30*12*Inputs!$B$10)*Inputs!$B$16 -> 50029.2 | D12: =(Inputs!D28+Inputs!D29)*Inputs!$B$10+(IF(OR(Inputs!D21=0,TCO!D8=0),0,MAX(1,ROUNDUP((($A12*Inputs!$B$6*Inputs!$B$7)/(Inputs!$B$7*Inputs!$B$8)*Inputs!$B$9)/TCO!D8,0))+Inputs!D22)*Inputs!D21/Inputs!$B$15+IF(OR(Inputs!D21=0,TCO!D8=0),0,MAX(1,ROUNDUP((($A12*Inputs!$B$6*Inputs!$B$7)/(Inputs!$B$7*Inputs!$B$8)*Inputs!$B$9)/TCO!D8,0))+Inputs!D22)*Inputs!D23/1000*8760*Inputs!$B$13+($A12*Inputs!$B$6*Inputs!$B$7)*Inputs!D26*Inputs!$B$14+$A12*Inputs!D27*12+Inputs!D30*12*Inputs!$B$10)*Inputs!$B$16 -> 106846 | E12: =(Inputs!E28+Inputs!E29)*Inputs!$B$10+(IF(OR(Inputs!E21=0,TCO!E8=0),0,MAX(1,ROUNDUP((($A12*Inputs!$B$6*Inputs!$B$7)/(Inputs!$B$7*Inputs!$B$8)*Inputs!$B$9)/TCO!E8,0))+Inputs!E22)*Inputs!E21/Inputs!$B$15+IF(OR(Inputs!E21=0,TCO!E8=0),0,MAX(1,ROUNDUP((($A12*Inputs!$B$6*Inputs!$B$7)/(Inputs!$B$7*Inputs!$B$8)*Inputs!$B$9)/TCO!E8,0))+Inputs!E22)*Inputs!E23/1000*8760*Inputs!$B$13+($A12*Inputs!$B$6*Inputs!$B$7)*Inputs!E26*Inputs!$B$14+$A12*Inputs!E27*12+Inputs!E30*12*Inputs!$B$10)*Inputs!$B$16 -> 2894060 | F12: =INDEX($B$4:$E$4,MATCH(MIN(B12:E12),B12:E12,0)) -> Team server, 20B model | G12: =IF(($A12*Inputs!$B$6*Inputs!$B$7)=0,0,MIN(B12:E12)/(($A12*Inputs!$B$6*Inputs!$B$7)*Inputs!$B$16)) -> 0.057904167

Sheet Notes
A1: How to use this model
A2: 1. On Inputs, replace every yellow cell with your own number. Leave the rest until the yellow ones are right.
A3: 2. Read TCO rows 16, 21 and 22. Row 19 is the cost of noise.
A4: 3. Sensitivity shows where the cheapest option changes as the team grows.
A6: What the options mean
A7: CI runner, 9B model: the workshop setup. Ollama and qwen3.5:9b on a hosted 16 GB runner, nothing to buy, slow per review, no code leaves your CI.
A8: Team server, 20B model: one GPU desktop or Mac running gpt-oss:20b, called from a short CI job.
A9: GPU server, 120B-class: the Module 7 scale-up reference. One server with an 80 GB GPU running a 120B-class open-weight model.
A10: Commercial SaaS: a hosted AI review product priced per seat. Your source code is processed by the vendor.
A12: Where the numbers came from
A13: Measured in the workshop build, October 2026: a CI review job takes 8 to 12 minutes on a free 16 GB GitHub runner; one file reviews in about 10 seconds with qwen3.5:9b on an Apple M5 Max; a 4-core Codespace takes about 21 minutes for the whole target app.
A14: Estimates, not quotes: hardware prices, the seat price, the CI minute price, and every hours figure. They are there to make the model run. Replace them.
... A20: Hardware replacement inside the horizon. Hardware is spread over its life, so a horizon longer than the life understates refresh timing, not the total.
